"Project","Card","Result","Form","Action","AssetId","OfficialName","Backdrop"
"ArtoriaCaster","around_caliburn","official mapped artwork","avalon","cast","9403270","A Tale of Love and Hope","assets\reference\ce\art\9403270.png"
"ArtoriaCaster","around_caliburn_unleashed","official mapped artwork","avalon","attack","9403270","A Tale of Love and Hope","assets\reference\ce\art\9403270.png"
"ArtoriaCaster","arts_artoria","official command card","","","COMMAND","FGO Command Card",""
"ArtoriaCaster","avalon_benediction","official mapped artwork","avalon","idle","9808560","Sweet Bouquet Avalon","assets\reference\ce\art\9808560.png"
"ArtoriaCaster","avalon_consecration","official mapped artwork","avalon","cast","9808560","Sweet Bouquet Avalon","assets\reference\ce\art\9808560.png"
"ArtoriaCaster","avalon_core","official mapped artwork","avalon","cast","9301550","The Tower of Avalon","assets\reference\ce\art\9301550.png"
"ArtoriaCaster","avalon_veil","official mapped artwork","avalon","cast","9404980","White Garden","assets\reference\ce\art\9404980.png"
"ArtoriaCaster","buster_artoria","official command card","","","COMMAND","FGO Command Card",""
"ArtoriaCaster","caliburn_projection","official mapped artwork","avalon","attack","9401620","Jeweled Sword Zelretch","assets\reference\ce\art\9401620.png"
"ArtoriaCaster","caliburn_star","official mapped artwork","avalon","attack","9404830","Twinkling Stars","assets\reference\ce\art\9404830.png"
"ArtoriaCaster","charisma_of_hope","official mapped artwork","caster","cast","9300450","Star of Prophecy","assets\reference\ce\art\9300450.png"
"ArtoriaCaster","clear_the_storm","official mapped artwork","caster","cast","9408720","Stormy Night","assets\reference\ce\art\9408720.png"
"ArtoriaCaster","counter_blade","official mapped artwork","caster","attack","9401650","Hidden Sword: Pheasant Reversal","assets\reference\ce\art\9401650.png"
"ArtoriaCaster","critical_spark","official mapped artwork","caster","attack","9408790","A Hundred Sparkles","assets\reference\ce\art\9408790.png"
"ArtoriaCaster","defend_artoria","official mapped artwork","caster","cast","9402840","Avalon Celebrates","assets\reference\ce\art\9402840.png"
"ArtoriaCaster","detective_pose","official mapped artwork","caster","cast","9402950","Chaldea Special Investigation Unit","assets\reference\ce\art\9402950.png"
"ArtoriaCaster","faerie_aegis","official mapped artwork","caster","cast","9305580","Aurora","assets\reference\ce\art\9305580.png"
"ArtoriaCaster","faerie_chant","official mapped artwork","caster","cast","9808690","Chocolate Faerie Britain","assets\reference\ce\art\9808690.png"
"ArtoriaCaster","faerie_chorus","official mapped artwork","caster","cast","9401180","Chorus","assets\reference\ce\art\9401180.png"
"ArtoriaCaster","faerie_eyes","official mapped artwork","caster","idle","9308490","Exhibition Attire: Tam Lin Tristan","assets\reference\ce\art\9308490.png"
"ArtoriaCaster","faerie_gaze","official mapped artwork","caster","cast","9401160","Mystic Eyes of Distortion","assets\reference\ce\art\9401160.png"
"ArtoriaCaster","familiar_rain","official mapped artwork","caster","attack","9808730","Hummingbirds To Open a Secret Room","assets\reference\ce\art\9808730.png"
"ArtoriaCaster","festival_rehearsal","official mapped artwork","berserker","cast","9303950","Festival Portrait: Altria Pendragon","assets\reference\ce\art\9303950.png"
"ArtoriaCaster","festival_secret_plan","official mapped artwork","berserker","cast","9408220","Secret Mission","assets\reference\ce\art\9408220.png"
"ArtoriaCaster","festival_spirit","official mapped artwork","berserker","idle","9402530","Starlight Festival","assets\reference\ce\art\9402530.png"
"ArtoriaCaster","festival_tide","official mapped artwork","berserker","attack","9808880","Tropical Island Festival","assets\reference\ce\art\9808880.png"
"ArtoriaCaster","forced_vacation","official mapped artwork","berserker","cast","9407260","Summer Break","assets\reference\ce\art\9407260.png"
"ArtoriaCaster","forge_stars","official mapped artwork","caster","cast","9404830","Twinkling Stars","assets\reference\ce\art\9404830.png"
"ArtoriaCaster","guardians_counter","official mapped artwork","caster","idle","9402110","Room Guard","assets\reference\ce\art\9402110.png"
"ArtoriaCaster","guardians_execution","official mapped artwork","caster","attack","9309010","Sword of Sin","assets\reference\ce\art\9309010.png"
"ArtoriaCaster","hope_will_camelot","official mapped artwork","avalon","attack","9300450","Star of Prophecy","assets\reference\ce\art\9300450.png"
"ArtoriaCaster","hope_will_camelot_unleashed","official mapped artwork","avalon","attack","9301550","The Tower of Avalon","assets\reference\ce\art\9301550.png"
"ArtoriaCaster","inherited_longing_strike","official mapped artwork","caster","attack","9401600","Bygone Dream","assets\reference\ce\art\9401600.png"
"ArtoriaCaster","lakes_blessing","official mapped artwork","caster","cast","9404550","Honey Lake","assets\reference\ce\art\9404550.png"
"ArtoriaCaster","lakes_protection","official mapped artwork","caster","cast","9406540","Celestial Maidens by the Lake","assets\reference\ce\art\9406540.png"
"ArtoriaCaster","lets_try_it","official mapped artwork","caster","cast","9808770","Chaldea Game Night - Let's Play with Altria","assets\reference\ce\art\9808770.png"
"ArtoriaCaster","light_shield","official mapped artwork","caster","cast","9300250","Radiance of the Goddess","assets\reference\ce\art\9300250.png"
"ArtoriaCaster","meadow_thrust","official mapped artwork","berserker","attack","9404730","Golden Field","assets\reference\ce\art\9404730.png"
"ArtoriaCaster","midsummer_madness","official mapped artwork","berserker","idle","9401550","True Samadhi Fire","assets\reference\ce\art\9401550.png"
"ArtoriaCaster","owls_fang","official mapped artwork","caster","attack","9405300","Ocean Flier","assets\reference\ce\art\9405300.png"
"ArtoriaCaster","pilgrims_step","official mapped artwork","caster","cast","9403140","Distant Pilgrimage","assets\reference\ce\art\9403140.png"
"ArtoriaCaster","promise_under_the_storm","official mapped artwork","caster","cast","9405120","Beyond the Rain Clouds","assets\reference\ce\art\9405120.png"
"ArtoriaCaster","quick_artoria","official command card","","","COMMAND","FGO Command Card",""
"ArtoriaCaster","reckless_charge","official mapped artwork","caster","attack","9307860","Dashing Through Summer","assets\reference\ce\art\9307860.png"
"ArtoriaCaster","sacred_sword_avalanche","official mapped artwork","avalon","attack","9403210","Fang-Sharp Shadow Blade","assets\reference\ce\art\9403210.png"
"ArtoriaCaster","sacred_sword_control","official mapped artwork","avalon","idle","9302530","Pray Upon the Sword, Wish Upon Life","assets\reference\ce\art\9302530.png"
"ArtoriaCaster","sacred_sword_slash","official mapped artwork","avalon","attack","9300940","Indestructible Blade","assets\reference\ce\art\9300940.png"
"ArtoriaCaster","selection_staff_guide","official mapped artwork","caster","cast","9308870","Phantasm Rod: Grace","assets\reference\ce\art\9308870.png"
"ArtoriaCaster","selection_sword_cut","official mapped artwork","caster","attack","9304570","Shining Sword and Disc of the Stars","assets\reference\ce\art\9304570.png"
"ArtoriaCaster","shooting_star","official mapped artwork","caster","attack","9304400","The Shooting Star Cheerleader","assets\reference\ce\art\9304400.png"
"ArtoriaCaster","six_sword_strikes","official mapped artwork","caster","attack","9302740","Inferno Sword","assets\reference\ce\art\9302740.png"
"ArtoriaCaster","song_of_prophecy","official mapped artwork","caster","cast","9300450","Star of Prophecy","assets\reference\ce\art\9300450.png"
"ArtoriaCaster","spell_reloading","official mapped artwork","caster","idle","9401200","Repeat Magic","assets\reference\ce\art\9401200.png"
"ArtoriaCaster","springs_pulse","official mapped artwork","berserker","cast","9300930","Sacred Spring","assets\reference\ce\art\9300930.png"
"ArtoriaCaster","staff_strike","official mapped artwork","caster","attack","9307040","Shi Jin the Nine-Section Staff","assets\reference\ce\art\9307040.png"
"ArtoriaCaster","staffs_rebuke","official mapped artwork","caster","attack","9805720","Druid's Staff","assets\reference\ce\art\9805720.png"
"ArtoriaCaster","staffs_voice","official mapped artwork","berserker","cast","9300150","The Staff He Gave Me","assets\reference\ce\art\9300150.png"
"ArtoriaCaster","star_tide","official mapped artwork","caster","cast","9306240","May the Stars Align","assets\reference\ce\art\9306240.png"
"ArtoriaCaster","stars_judgment","official mapped artwork","caster","attack","9300010","Crown of the Star","assets\reference\ce\art\9300010.png"
"ArtoriaCaster","strike_artoria","official mapped artwork","caster","attack","9307040","Shi Jin the Nine-Section Staff","assets\reference\ce\art\9307040.png"
"ArtoriaCaster","summer_comet","official mapped artwork","berserker","attack","9407410","Highway Meteor Shower","assets\reference\ce\art\9407410.png"
"ArtoriaCaster","summer_dance","official mapped artwork","berserker","attack","9306530","Summer Power Pom-Poms","assets\reference\ce\art\9306530.png"
"ArtoriaCaster","summer_double_slash","official mapped artwork","berserker","attack","9408880","Dual Burning","assets\reference\ce\art\9408880.png"
"ArtoriaCaster","summer_escapade","official mapped artwork","berserker","cast","9305700","Summer Adventure Memories","assets\reference\ce\art\9305700.png"
"ArtoriaCaster","summer_faerie","official mapped artwork","berserker","cast","9808870","Faerie Britain's Summer Break","assets\reference\ce\art\9808870.png"
"ArtoriaCaster","summer_hydromancy","official mapped artwork","berserker","cast","9405820","Water Gun Battle","assets\reference\ce\art\9405820.png"
"ArtoriaCaster","summer_onslaught","official mapped artwork","berserker","attack","9408750","Summer Inferno","assets\reference\ce\art\9408750.png"
"ArtoriaCaster","summer_outburst","official mapped artwork","berserker","attack","9408750","Summer Inferno","assets\reference\ce\art\9408750.png"
"ArtoriaCaster","summer_rivalry","official mapped artwork","berserker","idle","9402600","Chaldea Beach Volleyball","assets\reference\ce\art\9402600.png"
"ArtoriaCaster","summer_shark","official mapped artwork","berserker","attack","9310470","A Wonderful (Shark) Gift","assets\reference\ce\art\9310470.png"
"ArtoriaCaster","summoned_swords","official mapped artwork","caster","attack","9806000","Sword from Someone's Treasury","assets\reference\ce\art\9806000.png"
"ArtoriaCaster","sword_and_song","official mapped artwork","caster","attack","9402790","Starry Nights","assets\reference\ce\art\9402790.png"
"ArtoriaCaster","sword_instinct","official mapped artwork","caster","idle","9308780","Epitaph of the Star Sword","assets\reference\ce\art\9308780.png"
"ArtoriaCaster","sword_of_selection","official mapped artwork","caster","cast","9408540","The One Who Stands at the Summit of Sabers","assets\reference\ce\art\9408540.png"
"ArtoriaCaster","tears_behind_the_smile","official mapped artwork","caster","cast","9306510","Enchromia's Silent Tears","assets\reference\ce\art\9306510.png"
"ArtoriaCaster","territory_creation","official mapped artwork","caster","idle","9307920","Summer Castle","assets\reference\ce\art\9307920.png"
"ArtoriaCaster","travelers_cloak","official mapped artwork","caster","cast","9310590","Heroic Spirit Stellar Journey: Altria Caster","assets\reference\ce\art\9310590.png"
"ArtoriaCaster","travelers_prayer","official mapped artwork","caster","cast","9302990","Travel Portrait: Altria Pendragon","assets\reference\ce\art\9302990.png"
"ArtoriaCaster","two_faces_of_summer","official mapped artwork","berserker","idle","9808870","Faerie Britain's Summer Break","assets\reference\ce\art\9808870.png"
"ArtoriaCaster","unique_magecraft","official mapped artwork","caster","idle","9407670","Dabbling in Magecraft","assets\reference\ce\art\9407670.png"
"ArtoriaCaster","white_hare_trick","official mapped artwork","berserker","cast","9300530","Wonderland","assets\reference\ce\art\9300530.png"
"GilgameshArcher","anticipated_shot","official mapped artwork","base","attack","9300050","Memories of the Dragon","assets\reference\ce\art\9300050.png"
"GilgameshArcher","appraisers_gaze","official mapped artwork","base","cast","9403720","Cunning Foresight","assets\reference\ce\art\9403720.png"
"GilgameshArcher","arts","official command card","","","COMMAND","FGO Command Card",""
"GilgameshArcher","caladbolg","official mapped artwork","base","attack","9305280","Sword of Gods","assets\reference\ce\art\9305280.png"
"GilgameshArcher","caladbolg_the_original","official mapped artwork","base","attack","9302880","The Dragon and the Dragon Swordsman","assets\reference\ce\art\9302880.png"
"GilgameshArcher","caster_of_cu_vajra","official mapped artwork","base","attack","9408620","Dance of the Thunder God","assets\reference\ce\art\9408620.png"
"GilgameshArcher","chains_of_heaven_enkidu","official mapped artwork","base","cast","9309540","Heroic Spirit Celebratory Attire: Enkidu","assets\reference\ce\art\9309540.png"
"GilgameshArcher","close_the_gate","official mapped artwork","base","cast","9300210","Key of the King's Law","assets\reference\ce\art\9300210.png"
"GilgameshArcher","collectors_absorption","official mapped artwork","base","cast","9404790","Mystery Treasure","assets\reference\ce\art\9404790.png"
"GilgameshArcher","collectors_greed","official mapped artwork","base","cast","9407690","Greedy Dice","assets\reference\ce\art\9407690.png"
"GilgameshArcher","dainsleif","official mapped artwork","base","attack","9301210","Bone Sword (Nameless)","assets\reference\ce\art\9301210.png"
"GilgameshArcher","defend","official mapped artwork","base","cast","9300320","Golden Helm","assets\reference\ce\art\9300320.png"
"GilgameshArcher","discarded_prototype","official mapped artwork","base","attack","9806000","Sword from Someone's Treasury","assets\reference\ce\art\9806000.png"
"GilgameshArcher","durandal","official mapped artwork","base","attack","9406620","Great Sword of Distinction","assets\reference\ce\art\9406620.png"
"GilgameshArcher","enuma_elish_unleashed","official mapped artwork","base","attack","9303540","Enuma Dingir","assets\reference\ce\art\9303540.png"
"GilgameshArcher","gate_of_babylon","official mapped artwork","base","cast","9301250","Unused Royal Authority","assets\reference\ce\art\9301250.png"
"GilgameshArcher","golden_arrogance","official mapped artwork","base","idle","9300220","Golden Glass","assets\reference\ce\art\9300220.png"
"GilgameshArcher","golden_rule","official mapped artwork","base","idle","9403410","Gilgamesh in NY","assets\reference\ce\art\9403410.png"
"GilgameshArcher","gram_origin_of_all_swords","official mapped artwork","base","attack","9301030","White Dragon","assets\reference\ce\art\9301030.png"
"GilgameshArcher","harpe","official mapped artwork","base","attack","9302740","Inferno Sword","assets\reference\ce\art\9302740.png"
"GilgameshArcher","houtengeki","official mapped artwork","base","attack","9302900","The Singing Spear, the Shouting Spear","assets\reference\ce\art\9302900.png"
"GilgameshArcher","impossible_bribe","official mapped artwork","base","attack","9402940","Golden and Sun, the Gamblers","assets\reference\ce\art\9402940.png"
"GilgameshArcher","kings_arsenal","official mapped artwork","base","cast","9301250","Unused Royal Authority","assets\reference\ce\art\9301250.png"
"GilgameshArcher","kings_verdict","official mapped artwork","base","attack","9300020","Relic of the King","assets\reference\ce\art\9300020.png"
"GilgameshArcher","kit_charisma","official mapped artwork","base","cast","9301920","Formal Portrait: Gilgamesh","assets\reference\ce\art\9301920.png"
"GilgameshArcher","kit_collector","official mapped artwork","base","cast","9402190","Collection of Mysterious Masks","assets\reference\ce\art\9402190.png"
"GilgameshArcher","kit_divinity","official mapped artwork","base","idle","9301060","Manifestation of the Golden Rule","assets\reference\ce\art\9301060.png"
"GilgameshArcher","kit_independent_action","official mapped artwork","base","idle","9407700","Crystal of Wisdom","assets\reference\ce\art\9407700.png"
"GilgameshArcher","merodach","official mapped artwork","base","attack","9300940","Indestructible Blade","assets\reference\ce\art\9300940.png"
"GilgameshArcher","mongrel","official mapped artwork","base","cast","9301150","Spiritron Portrait: Gilgamesh","assets\reference\ce\art\9301150.png"
"GilgameshArcher","mongrels_execution","official mapped artwork","base","attack","9306190","Golden Shackles","assets\reference\ce\art\9306190.png"
"GilgameshArcher","nameless_blade","official mapped artwork","base","attack","9301170","Spiritron Portrait: Nameless","assets\reference\ce\art\9301170.png"
"GilgameshArcher","np_enuma_elish","official mapped artwork","base","attack","9309270","Heroic Spirit Stellar Journey: Gilgamesh (Child)","assets\reference\ce\art\9309270.png"
"GilgameshArcher","open_treasury_assault","official mapped artwork","base","attack","9404730","Golden Field","assets\reference\ce\art\9404730.png"
"GilgameshArcher","opening_of_the_treasury","official mapped artwork","base","cast","9404730","Golden Field","assets\reference\ce\art\9404730.png"
"GilgameshArcher","portal_volley","official mapped artwork","base","attack","9404100","From Uruk","assets\reference\ce\art\9404100.png"
"GilgameshArcher","quick","official command card","","","COMMAND","FGO Command Card",""
"GilgameshArcher","rain_of_a_thousand_blades","official mapped artwork","base","attack","9803100","Treasure Chocolate","assets\reference\ce\art\9803100.png"
"GilgameshArcher","rain_of_blades","official mapped artwork","base","attack","9300280","Door to Babylon","assets\reference\ce\art\9300280.png"
"GilgameshArcher","rain_of_treasures","official mapped artwork","base","attack","9805940","Golden Gold Set","assets\reference\ce\art\9805940.png"
"GilgameshArcher","recital_of_creation","official mapped artwork","base","idle","9401960","Joint Recital","assets\reference\ce\art\9401960.png"
"GilgameshArcher","royal_investment","official mapped artwork","base","cast","9300240","Das Rheingold","assets\reference\ce\art\9300240.png"
"GilgameshArcher","scornful_shot","official mapped artwork","base","attack","9402250","Arrogance of a Victor","assets\reference\ce\art\9402250.png"
"GilgameshArcher","strike","official command card","","","COMMAND","FGO Command Card",""
"GilgameshArcher","strike_of_ea","official mapped artwork","base","attack","9306410","Sword of Kings and Heroes","assets\reference\ce\art\9306410.png"
"GilgameshArcher","thorough_appraisal","official mapped artwork","base","cast","9403020","Light of Wisdom","assets\reference\ce\art\9403020.png"
"GilgameshArcher","throne_of_the_onlooker","official mapped artwork","base","idle","9407990","Crown & August","assets\reference\ce\art\9407990.png"
"GilgameshArcher","total_barrage","official mapped artwork","base","attack","9402420","Conquering the Great Sea of Stars","assets\reference\ce\art\9402420.png"
"GilgameshArcher","treasure_count","official mapped artwork","base","cast","9408300","The Treasure","assets\reference\ce\art\9408300.png"
"GilgameshArcher","treasure_cuirass","official mapped artwork","base","cast","9300320","Golden Helm","assets\reference\ce\art\9300320.png"
"GilgameshArcher","treasure_guards_the_king","official mapped artwork","base","cast","9406760","Treasury of the Guardian Serpent","assets\reference\ce\art\9406760.png"
"GilgameshArcher","turned_key","official mapped artwork","base","cast","9302540","Silver Key Rosary","assets\reference\ce\art\9302540.png"
"GilgameshArcher","twin_lances","official mapped artwork","base","attack","9308070","Pair of White Swords","assets\reference\ce\art\9308070.png"
"GilgameshArcher","tyrants_armor","official mapped artwork","base","cast","9809220","Black Armor Visor","assets\reference\ce\art\9809220.png"
"GilgameshArcher","vajra","official mapped artwork","base","attack","9300610","Hand of Lightning","assets\reference\ce\art\9300610.png"
"GilgameshArcher","vimana_assault","official mapped artwork","base","attack","9402760","Golden Wings","assets\reference\ce\art\9402760.png"
"GilgameshArcher","wall_of_spears","official mapped artwork","base","cast","9305590","Sacred Lance Longinus","assets\reference\ce\art\9305590.png"
"GilgameshArcher","walls_of_uruk","official mapped artwork","base","cast","9304380","Absolute Demonic Front: Babylonia","assets\reference\ce\art\9304380.png"
"MashShielder","absolute_wall","official mapped artwork","base","cast","9405690","Guardians of the Garden","assets\reference\ce\art\9405690.png"
"MashShielder","amalgam_goad","official mapped artwork","ortinax","cast","9401940","Howl at the Moon","assets\reference\ce\art\9401940.png"
"MashShielder","arts_mash","official command card","","","COMMAND","FGO Command Card",""
"MashShielder","behind_me_senpai","official mapped artwork","base","cast","9304380","Absolute Demonic Front: Babylonia","assets\reference\ce\art\9304380.png"
"MashShielder","black_barrel_burst","official mapped artwork","ortinax","attack","9301080","Extol the Gun","assets\reference\ce\art\9301080.png"
"MashShielder","black_barrel_full_burst","official mapped artwork","ortinax","attack","9303700","The Legendary Shot","assets\reference\ce\art\9303700.png"
"MashShielder","black_barrel_unleashed","official mapped artwork","ortinax","attack","9303700","The Legendary Shot","assets\reference\ce\art\9303700.png"
"MashShielder","black_keys","official mapped artwork","base","cast","9400130","The Azure Black Keys","assets\reference\ce\art\9400130.png"
"MashShielder","bunker_bolt","official mapped artwork","ortinax","attack","9406750","Gunpowder Cache","assets\reference\ce\art\9406750.png"
"MashShielder","bunker_protocol","official mapped artwork","ortinax","cast","9403180","An Afternoon at the Fortress","assets\reference\ce\art\9403180.png"
"MashShielder","buster_mash","official command card","","","COMMAND","FGO Command Card",""
"MashShielder","camelot_ram","official mapped artwork","paladin","attack","9402910","The Star of Camelot","assets\reference\ce\art\9402910.png"
"MashShielder","chaldea_library","official mapped artwork","base","idle","9304730","Chaldea Summer Reading List","assets\reference\ce\art\9304730.png"
"MashShielder","chaldea_manual","official mapped artwork","base","cast","9401350","The Scholars of Chaldea","assets\reference\ce\art\9401350.png"
"MashShielder","chaldea_sandwich","official mapped artwork","base","cast","9401970","Chaldea Lunchtime","assets\reference\ce\art\9401970.png"
"MashShielder","chalk_wall","official mapped artwork","base","cast","9300070","Castle of Snow","assets\reference\ce\art\9300070.png"
"MashShielder","combat_analysis","official mapped artwork","base","idle","9402950","Chaldea Special Investigation Unit","assets\reference\ce\art\9402950.png"
"MashShielder","combat_breathing","official mapped artwork","base","cast","9400090","Concentration","assets\reference\ce\art\9400090.png"
"MashShielder","conceptual_ammo","official mapped artwork","ortinax","idle","9805250","Silver Bullet","assets\reference\ce\art\9805250.png"
"MashShielder","conceptual_round","official mapped artwork","ortinax","attack","9401680","Origin Bullet","assets\reference\ce\art\9401680.png"
"MashShielder","covering_fire","official mapped artwork","ortinax","attack","9401690","Covering Fire","assets\reference\ce\art\9401690.png"
"MashShielder","crush","official mapped artwork","base","attack","9301470","Seven-Headed Warhammer Cita","assets\reference\ce\art\9301470.png"
"MashShielder","cylinder_discharge","official mapped artwork","ortinax","attack","9401900","Paradox Ace Killer","assets\reference\ce\art\9401900.png"
"MashShielder","cylinder_seal","official mapped artwork","ortinax","cast","9305140","Sightseeing Portrait: Mash Kyrielight","assets\reference\ce\art\9305140.png"
"MashShielder","cylinder_vent","official mapped artwork","ortinax","cast","9303270","Travel Portrait: Mash Kyrielight","assets\reference\ce\art\9303270.png"
"MashShielder","dawn_strike","official mapped artwork","base","attack","9408270","The Glow of Dawn","assets\reference\ce\art\9408270.png"
"MashShielder","defend_mash","official mapped artwork","base","cast","9400210","Iron-Willed Training","assets\reference\ce\art\9400210.png"
"MashShielder","defensive_formation","official mapped artwork","base","cast","9403060","Barrier","assets\reference\ce\art\9403060.png"
"MashShielder","defensive_sweep","official mapped artwork","base","attack","9302520","Guardian Gigantic","assets\reference\ce\art\9302520.png"
"MashShielder","demi_servant","official mapped artwork","base","idle","9400970","Heroic Portrait: Mash Kyrielight","assets\reference\ce\art\9400970.png"
"MashShielder","distant_utopia_castle","official mapped artwork","paladin","idle","9808060","Camelot Story","assets\reference\ce\art\9808060.png"
"MashShielder","exp_ember","official mapped artwork","base","cast","9807660","CE EXP Card: The Fierce and the Invincible","assets\reference\ce\art\9807660.png"
"MashShielder","farewell_snowfield","official mapped artwork","base","cast","9405170","To the Beyond, Bereft the Snowy Blossom","assets\reference\ce\art\9405170.png"
"MashShielder","firm_stance","official mapped artwork","base","cast","9401140","Threefold Barrier","assets\reference\ce\art\9401140.png"
"MashShielder","form_drill","official mapped artwork","base","cast","9304720","Chaldea VR (Controllers Included)","assets\reference\ce\art\9304720.png"
"MashShielder","fou_beast_iv","official mapped artwork","base","attack","9307210","U-Fou Catcher","assets\reference\ce\art\9307210.png"
"MashShielder","fous_miracle","official mapped artwork","base","cast","9805630","Puppet Fou","assets\reference\ce\art\9805630.png"
"MashShielder","frontal_charge","official mapped artwork","base","attack","9301460","First Order","assets\reference\ce\art\9301460.png"
"MashShielder","galahads_legacy","official mapped artwork","paladin","cast","9406160","Inheritance of a Long-Cherished Dream","assets\reference\ce\art\9406160.png"
"MashShielder","golden_apple","official mapped artwork","base","cast","9300340","Golden Apple","assets\reference\ce\art\9300340.png"
"MashShielder","guard_step","official mapped artwork","base","cast","9403710","Dance with the Round Table","assets\reference\ce\art\9403710.png"
"MashShielder","homunculus_heart","official mapped artwork","base","idle","9406950","Homunculus Cradle","assets\reference\ce\art\9406950.png"
"MashShielder","insufficient_qp","official mapped artwork","base","cast","9400780","Mona Lisa","assets\reference\ce\art\9400780.png"
"MashShielder","iron_will","official mapped artwork","base","idle","9400720","Awakened Will","assets\reference\ce\art\9400720.png"
"MashShielder","knights_fist","official mapped artwork","base","attack","9301410","Holy Knuckle","assets\reference\ce\art\9301410.png"
"MashShielder","knights_judgment","official mapped artwork","base","attack","9400640","Knight's Dignity","assets\reference\ce\art\9400640.png"
"MashShielder","knights_vow","official mapped artwork","base","attack","9300980","Knight's Oath","assets\reference\ce\art\9300980.png"
"MashShielder","last_order","official mapped artwork","base","cast","9404500","Mission Start","assets\reference\ce\art\9404500.png"
"MashShielder","lord_camelot","official mapped artwork","paladin","attack","9805290","World's End Castle","assets\reference\ce\art\9805290.png"
"MashShielder","lord_camelot_charge","official mapped artwork","paladin","attack","9402910","The Star of Camelot","assets\reference\ce\art\9402910.png"
"MashShielder","lord_camelot_unleashed","official mapped artwork","paladin","attack","9805290","World's End Castle","assets\reference\ce\art\9805290.png"
"MashShielder","lord_chaldeas","official mapped artwork","base","cast","9401360","Maiden Leading Chaldea","assets\reference\ce\art\9401360.png"
"MashShielder","lord_chaldeas_unleashed","official mapped artwork","base","attack","9401360","Maiden Leading Chaldea","assets\reference\ce\art\9401360.png"
"MashShielder","mapo_tofu","official mapped artwork","base","cast","9401610","Extremely Spicy Mapo Tofu","assets\reference\ce\art\9401610.png"
"MashShielder","mashs_glasses","official mapped artwork","base","cast","9806930","Glasses","assets\reference\ce\art\9806930.png"
"MashShielder","mobile_wall","official mapped artwork","base","cast","9800700","Chaldea Standard","assets\reference\ce\art\9800700.png"
"MashShielder","mold_camelot","official mapped artwork","paladin","cast","9301060","Manifestation of the Golden Rule","assets\reference\ce\art\9301060.png"
"MashShielder","multipurpose_shield","official mapped artwork","base","cast","9301810","Learning with Manga! FGO","assets\reference\ce\art\9301810.png"
"MashShielder","ortinax_maintenance","official mapped artwork","ortinax","cast","9809220","Black Armor Visor","assets\reference\ce\art\9809220.png"
"MashShielder","ortinax_servos","official mapped artwork","ortinax","idle","9400920","Motored Cuirassier","assets\reference\ce\art\9400920.png"
"MashShielder","paladin_assault","official mapped artwork","paladin","attack","9808480","As a Knight","assets\reference\ce\art\9808480.png"
"MashShielder","paladin_vocation","official mapped artwork","paladin","cast","9808240","White Oath","assets\reference\ce\art\9808240.png"
"MashShielder","palingenesis","official mapped artwork","base","cast","ITEM:7999","FGO item 7999","assets\reference\ce\icons\7999.png"
"MashShielder","paradox_cylinder","official mapped artwork","ortinax","cast","9301000","True Difference Engine","assets\reference\ce\art\9301000.png"
"MashShielder","pioneer_of_the_stars","official mapped artwork","base","idle","9402420","Conquering the Great Sea of Stars","assets\reference\ce\art\9402420.png"
"MashShielder","prayer_to_galahad","official mapped artwork","paladin","cast","9406190","With Lighted Prayer in Our Hearts","assets\reference\ce\art\9406190.png"
"MashShielder","protect_senpai","official mapped artwork","base","cast","9304380","Absolute Demonic Front: Babylonia","assets\reference\ce\art\9304380.png"
"MashShielder","provoke","official mapped artwork","base","cast","9401980","Dangerous Beast","assets\reference\ce\art\9401980.png"
"MashShielder","quick_mash","official command card","","","COMMAND","FGO Command Card",""
"MashShielder","regroup","official mapped artwork","base","cast","9402070","A Moment of Tranquility","assets\reference\ce\art\9402070.png"
"MashShielder","reinforcement_order","official mapped artwork","base","cast","9807470","Chaldea New Order","assets\reference\ce\art\9807470.png"
"MashShielder","reprisal","official mapped artwork","base","attack","9307130","Eternal Spirit of Vengeance","assets\reference\ce\art\9307130.png"
"MashShielder","rhongomyniad_replica","official mapped artwork","paladin","attack","9301550","The Tower of Avalon","assets\reference\ce\art\9301550.png"
"MashShielder","round_table_punishment","official mapped artwork","paladin","attack","9806730","Our Round Table","assets\reference\ce\art\9806730.png"
"MashShielder","senpai_promise","official mapped artwork","base","idle","9305540","Hope, With You","assets\reference\ce\art\9305540.png"
"MashShielder","sharpened_edge","official mapped artwork","base","attack","9302860","Divine Iron Shield","assets\reference\ce\art\9302860.png"
"MashShielder","shield_bash","official mapped artwork","base","attack","9309130","Heroic Spirit Stellar Journey: Mash Kyrielight","assets\reference\ce\art\9309130.png"
"MashShielder","shield_ram","official mapped artwork","base","attack","9302890","Destined To Clash","assets\reference\ce\art\9302890.png"
"MashShielder","shields_up","official mapped artwork","base","cast","9307120","Pure-Hearted Shield","assets\reference\ce\art\9307120.png"
"MashShielder","siege_lance","official mapped artwork","base","attack","9305590","Sacred Lance Longinus","assets\reference\ce\art\9305590.png"
"MashShielder","skirmish","official mapped artwork","base","attack","9303550","The Noble Sword and Shield","assets\reference\ce\art\9303550.png"
"MashShielder","snowflake_wall","official mapped artwork","base","cast","9405500","Winter Crystal","assets\reference\ce\art\9405500.png"
"MashShielder","strike_mash","official mapped artwork","base","attack","9400470","With One Strike","assets\reference\ce\art\9400470.png"
"MashShielder","suppressing_shot","official mapped artwork","ortinax","attack","9400830","Trueshot","assets\reference\ce\art\9400830.png"
"MashShielder","switch_ortinax","official mapped artwork","ortinax","cast","9300330","Black Knight's Helmet","assets\reference\ce\art\9300330.png"
"MashShielder","switch_shielder","official mapped artwork","base","cast","9301820","Formal Portrait: Mash Kyrielight","assets\reference\ce\art\9301820.png"
"MashShielder","ten_pull_summon","official mapped artwork","base","cast","9304310","Golden Round Table Roulette","assets\reference\ce\art\9304310.png"
"MashShielder","tireless_guardian","official mapped artwork","base","idle","9407820","Those Who Watch Over the Night","assets\reference\ce\art\9407820.png"
"MashShielder","tragic_shield","official mapped artwork","base","cast","9300200","Sacred Devotion","assets\reference\ce\art\9300200.png"
"MashShielder","training_simulation","official mapped artwork","base","cast","9302580","FGO VR Mash Kyrielight","assets\reference\ce\art\9302580.png"
"MashShielder","twin_haft_strike","official mapped artwork","base","attack","9308070","Pair of White Swords","assets\reference\ce\art\9308070.png"
"MashShielder","utopian_fortress","official mapped artwork","paladin","cast","9402380","Fortress of the Sun","assets\reference\ce\art\9402380.png"
"MashShielder","vanguard_strike","official mapped artwork","base","attack","9303830","Ring of Transformation","assets\reference\ce\art\9303830.png"
"MashShielder","vivid_iron_dance","official mapped artwork","base","attack","9401150","Vivid Dance of Fists","assets\reference\ce\art\9401150.png"
"MashShielder","wall_doctrine","official mapped artwork","base","idle","9405150","Camelot Lesson","assets\reference\ce\art\9405150.png"
"MordredSaber","accumulated_hatred","official mapped artwork","base","idle","9307130","Eternal Spirit of Vengeance","assets\reference\ce\art\9307130.png"
"MordredSaber","ambition_for_the_throne","official mapped artwork","base","idle","9404240","The Beginning of Ambition","assets\reference\ce\art\9404240.png"
"MordredSaber","arts_command","official command card","","","COMMAND","FGO Command Card",""
"MordredSaber","avalanche_of_hatred","official mapped artwork","base","attack","9301650","Haori of the Vow","assets\reference\ce\art\9301650.png"
"MordredSaber","banner_of_rebellion","official mapped artwork","base","idle","9405560","Bare Kings","assets\reference\ce\art\9405560.png"
"MordredSaber","battle_instinct","official mapped artwork","base","cast","9400090","Concentration","assets\reference\ce\art\9400090.png"
"MordredSaber","beheading_of_the_usurper","official mapped artwork","base","attack","9309010","Sword of Sin","assets\reference\ce\art\9309010.png"
"MordredSaber","buster_command","official command card","","","COMMAND","FGO Command Card",""
"MordredSaber","camlann","official mapped artwork","base","cast","9306450","What Never Truly Mattered","assets\reference\ce\art\9306450.png"
"MordredSaber","chained_lightning","official mapped artwork","base","attack","9405160","Blooming in the Crimson Sky","assets\reference\ce\art\9405160.png"
"MordredSaber","chispa_de_clarent","official mapped artwork","base","attack","9408620","Dance of the Thunder God","assets\reference\ce\art\9408620.png"
"MordredSaber","cigarette_lion_b_plus","official mapped artwork","base","idle","9407760","Recollections of Smoke","assets\reference\ce\art\9407760.png"
"MordredSaber","claim_caliburn","official mapped artwork","base","cast","9401310","Ideal Holy King","assets\reference\ce\art\9401310.png"
"MordredSaber","clarent_blood_arthur_interlude","official mapped artwork","base","attack","9808850","Phantasma - Mordred Photo Collection","assets\reference\ce\art\9808850.png"
"MordredSaber","clarent_blood_arthur_manual","official mapped artwork","base","attack","9401700","Battle of Camlann","assets\reference\ce\art\9401700.png"
"MordredSaber","clarent_blood_arthur_unleashed","official mapped artwork","base","attack","9307770","Celebration Portrait: Mordred","assets\reference\ce\art\9307770.png"
"MordredSaber","coup_d_etat","official mapped artwork","base","attack","9303840","Pirate's Rule","assets\reference\ce\art\9303840.png"
"MordredSaber","crimson_lightning_climax_power","official mapped artwork","base","idle","9403470","Simply Crimson","assets\reference\ce\art\9403470.png"
"MordredSaber","crown_of_lightning","official mapped artwork","base","idle","9300010","Crown of the Star","assets\reference\ce\art\9300010.png"
"MordredSaber","defend","official mapped artwork","base","cast","9301850","Formal Portrait: Mordred","assets\reference\ce\art\9301850.png"
"MordredSaber","defiance_of_authority","official mapped artwork","base","attack","9301250","Unused Royal Authority","assets\reference\ce\art\9301250.png"
"MordredSaber","defiant_cut","official mapped artwork","base","attack","9403210","Fang-Sharp Shadow Blade","assets\reference\ce\art\9403210.png"
"MordredSaber","demanded_duel","official mapped artwork","base","cast","9303780","Seven Duels of Swordmasters","assets\reference\ce\art\9303780.png"
"MordredSaber","denied_inheritance","official mapped artwork","base","cast","9300120","Queen's Present","assets\reference\ce\art\9300120.png"
"MordredSaber","dented_helm","official mapped artwork","base","cast","9401550","True Samadhi Fire","assets\reference\ce\art\9401550.png"
"MordredSaber","dont_call_me_a_girl","official mapped artwork","base","cast","9301850","Formal Portrait: Mordred","assets\reference\ce\art\9301850.png"
"MordredSaber","double_edge_of_hatred","official mapped artwork","base","idle","9406270","Crucible of Bloody Tears","assets\reference\ce\art\9406270.png"
"MordredSaber","double_rebellion","official mapped artwork","base","attack","9304490","The Sword Broken at Battle's End","assets\reference\ce\art\9304490.png"
"MordredSaber","dragons_blood","official mapped artwork","base","idle","9401550","True Samadhi Fire","assets\reference\ce\art\9401550.png"
"MordredSaber","fathers_sword","official mapped artwork","base","attack","9306410","Sword of Kings and Heroes","assets\reference\ce\art\9306410.png"
"MordredSaber","feast_after_battle","official mapped artwork","base","cast","9304340","At Sunset, After the Battle","assets\reference\ce\art\9304340.png"
"MordredSaber","homunculus_acceleration","official mapped artwork","base","idle","9406950","Homunculus Cradle","assets\reference\ce\art\9406950.png"
"MordredSaber","hundred_shattered_swords","official mapped artwork","base","attack","9303640","Scale of the Stars","assets\reference\ce\art\9303640.png"
"MordredSaber","ill_repaid_loyalty","official mapped artwork","base","cast","9806610","Chocolates of Betrayal","assets\reference\ce\art\9806610.png"
"MordredSaber","insolent_guard","official mapped artwork","base","cast","9307770","Celebration Portrait: Mordred","assets\reference\ce\art\9307770.png"
"MordredSaber","insolent_strike","official mapped artwork","base","attack","9302850","True Wisdom of Ice","assets\reference\ce\art\9302850.png"
"MordredSaber","instinct_b","official mapped artwork","base","cast","9300750","Salmon of Knowledge","assets\reference\ce\art\9300750.png"
"MordredSaber","kairis_command_seal","official mapped artwork","base","cast","9400380","Seal Designation Enforcer","assets\reference\ce\art\9400380.png"
"MordredSaber","knight_of_red_lightning_a_plus","official mapped artwork","base","idle","9400660","Lightning Reindeer","assets\reference\ce\art\9400660.png"
"MordredSaber","knights_steadfastness","official mapped artwork","base","cast","9808850","Phantasma - Mordred Photo Collection","assets\reference\ce\art\9808850.png"
"MordredSaber","lightning_of_clarent","official mapped artwork","base","attack","9408620","Dance of the Thunder God","assets\reference\ce\art\9408620.png"
"MordredSaber","lightning_speed","official mapped artwork","base","attack","9303600","Contest of Speed","assets\reference\ce\art\9303600.png"
"MordredSaber","lightning_splinters","official mapped artwork","base","attack","9407410","Highway Meteor Shower","assets\reference\ce\art\9407410.png"
"MordredSaber","lightning_visit","official mapped artwork","base","cast","9404710","Sparks of the Makoto","assets\reference\ce\art\9404710.png"
"MordredSaber","loudmouths_taunt","official mapped artwork","base","cast","9402320","Outrage","assets\reference\ce\art\9402320.png"
"MordredSaber","lower_the_visor","official mapped artwork","base","cast","9401550","True Samadhi Fire","assets\reference\ce\art\9401550.png"
"MordredSaber","mana_burst_a","official mapped artwork","base","cast","9400400","Prisma Cosmos","assets\reference\ce\art\9400400.png"
"MordredSaber","mana_burst_red_lightning","official mapped artwork","base","attack","9400260","Gem Magecraft: Antumbra","assets\reference\ce\art\9400260.png"
"MordredSaber","mana_ignition","official mapped artwork","base","cast","9400870","Mana Gauge","assets\reference\ce\art\9400870.png"
"MordredSaber","memory_of_trifas","official mapped artwork","base","idle","9301790","Fate/Apocrypha","assets\reference\ce\art\9301790.png"
"MordredSaber","onslaught_of_hatred","official mapped artwork","base","attack","9300290","Blood-Thirsting Axe","assets\reference\ce\art\9300290.png"
"MordredSaber","plunder_of_the_royal_hoard","official mapped artwork","base","cast","9303650","Grave Keeper's Treasure","assets\reference\ce\art\9303650.png"
"MordredSaber","proud_greatsword","official mapped artwork","base","attack","9406620","Great Sword of Distinction","assets\reference\ce\art\9406620.png"
"MordredSaber","quick_command","official command card","","","COMMAND","FGO Command Card",""
"MordredSaber","rebellion","official mapped artwork","base","attack","9806070","First Step to Rebellion","assets\reference\ce\art\9806070.png"
"MordredSaber","rebels_double_edge","official mapped artwork","base","attack","9302990","Travel Portrait: Altria Pendragon","assets\reference\ce\art\9302990.png"
"MordredSaber","reckless_charge","official mapped artwork","base","attack","9806210","Swift Ride","assets\reference\ce\art\9806210.png"
"MordredSaber","residual_lightning","official mapped artwork","base","attack","9300610","Hand of Lightning","assets\reference\ce\art\9300610.png"
"MordredSaber","ride_the_stolen","official mapped artwork","base","cast","9805530","Rider Belt Replica","assets\reference\ce\art\9805530.png"
"MordredSaber","roar_of_rebellion","official mapped artwork","base","cast","9301260","Oni's Mask","assets\reference\ce\art\9301260.png"
"MordredSaber","royal_tantrum","official mapped artwork","base","attack","9406480","King of Fools' Shackles","assets\reference\ce\art\9406480.png"
"MordredSaber","rude_kick","official mapped artwork","base","attack","9806950","Amethyst Candy","assets\reference\ce\art\9806950.png"
"MordredSaber","saberface","official mapped artwork","base","idle","9310900","Heroic Spirit Stellar Journey: Mordred","assets\reference\ce\art\9310900.png"
"MordredSaber","scorn_for_the_throne","official mapped artwork","base","cast","9300020","Relic of the King","assets\reference\ce\art\9300020.png"
"MordredSaber","secret_of_pedigree_e_x","official mapped artwork","base","cast","9304250","Festival Portrait: Mordred","assets\reference\ce\art\9304250.png"
"MordredSaber","secret_revealed","official mapped artwork","base","idle","9303440","My Poisoned Chalice, My Mask","assets\reference\ce\art\9303440.png"
"MordredSaber","slash_of_clarent","official mapped artwork","base","attack","9306500","Red Sword","assets\reference\ce\art\9306500.png"
"MordredSaber","sparks_of_the_helm","official mapped artwork","base","cast","9401550","True Samadhi Fire","assets\reference\ce\art\9401550.png"
"MordredSaber","spoils_of_camelot","official mapped artwork","base","cast","9402910","The Star of Camelot","assets\reference\ce\art\9402910.png"
"MordredSaber","storm_of_camelot","official mapped artwork","base","attack","9405140","Chaldea Stars","assets\reference\ce\art\9405140.png"
"MordredSaber","storm_of_steel","official mapped artwork","base","attack","9408720","Stormy Night","assets\reference\ce\art\9408720.png"
"MordredSaber","strike","official mapped artwork","base","attack","9306500","Red Sword","assets\reference\ce\art\9306500.png"
"MordredSaber","the_most_radiant_sword","official mapped artwork","base","idle","9304410","Then the Sacred Sword Shines","assets\reference\ce\art\9304410.png"
"MordredSaber","tournament_footwork","official mapped artwork","base","cast","9310900","Heroic Spirit Stellar Journey: Mordred","assets\reference\ce\art\9310900.png"
"MordredSaber","tournament_guard","official mapped artwork","base","cast","9808850","Phantasma - Mordred Photo Collection","assets\reference\ce\art\9808850.png"
"MordredSaber","treat_me_as_a_knight","official mapped artwork","base","cast","9808480","As a Knight","assets\reference\ce\art\9808480.png"
"MordredSaber","tribute_to_the_throne","official mapped artwork","base","cast","9302530","Pray Upon the Sword, Wish Upon Life","assets\reference\ce\art\9302530.png"
"MordredSaber","war_cry","official mapped artwork","base","cast","9300740","Final Battle","assets\reference\ce\art\9300740.png"
"MorganBerserker","a_home_with_morgan","official mapped artwork","queen","cast","9809020","Tale of Morgania","assets\reference\ce\art\9809020.png"
"MorganBerserker","adversitys_fury","official mapped artwork","queen","attack","9405570","Adversity Ablaze","assets\reference\ce\art\9405570.png"
"MorganBerserker","albions_breath","official mapped artwork","queen","attack","9406610","Raging Dragon's Lair","assets\reference\ce\art\9406610.png"
"MorganBerserker","arts_morgan","official command card","","","COMMAND","FGO Command Card",""
"MorganBerserker","baobhan_siths_shriek","official mapped artwork","queen","attack","9306670","Dream Portrait: Baobhan Sith","assets\reference\ce\art\9306670.png"
"MorganBerserker","barghests_fang","official mapped artwork","queen","attack","9306650","Dream Portrait: Barghest","assets\reference\ce\art\9306650.png"
"MorganBerserker","buster_morgan","official command card","","","COMMAND","FGO Command Card",""
"MorganBerserker","call_of_the_fairy_knights","official mapped artwork","queen","cast","9308020","Faerie Britain New Year's Ritual","assets\reference\ce\art\9308020.png"
"MorganBerserker","charisma_of_adversity","official mapped artwork","queen","idle","9305540","Hope, With You","assets\reference\ce\art\9305540.png"
"MorganBerserker","charisma_of_yearning","official mapped artwork","queen","cast","9307140","Flawless Charismatic Warrior","assets\reference\ce\art\9307140.png"
"MorganBerserker","curse_harvest","official mapped artwork","queen","cast","9400220","Primeval Curse","assets\reference\ce\art\9400220.png"
"MorganBerserker","curse_of_cernunnos","official mapped artwork","queen","idle","9405960","Maledict Bone Mountain","assets\reference\ce\art\9405960.png"
"MorganBerserker","cursed_bolt","official mapped artwork","queen","attack","9400240","Gandr","assets\reference\ce\art\9400240.png"
"MorganBerserker","cursed_rain","official mapped artwork","aesc","cast","9406510","Inverted Rain of Mud","assets\reference\ce\art\9406510.png"
"MorganBerserker","defend_morgan","official mapped artwork","queen","cast","9404330","Queen's Dream","assets\reference\ce\art\9404330.png"
"MorganBerserker","embrace_of_the_lake","official mapped artwork","queen","cast","9301310","Lady of the Lake","assets\reference\ce\art\9301310.png"
"MorganBerserker","extraordinary_tax","official mapped artwork","queen","cast","9300220","Golden Glass","assets\reference\ce\art\9300220.png"
"MorganBerserker","fae_blood_pact","official mapped artwork","queen","idle","9407080","Sweat Blood","assets\reference\ce\art\9407080.png"
"MorganBerserker","fae_respite","official mapped artwork","queen","cast","9809020","Tale of Morgania","assets\reference\ce\art\9809020.png"
"MorganBerserker","fairy_eyes","official mapped artwork","queen","idle","9404010","Purple Eyes","assets\reference\ce\art\9404010.png"
"MorganBerserker","fairy_of_the_rainland","official mapped artwork","aesc","idle","9307900","\""Gentle Rain in a Dark Forest\""","assets\reference\ce\art\9307900.png"
"MorganBerserker","fairy_queen_form","official mapped artwork","queen","cast","9308590","Exhibition Attire: Aesc the Rain Witch","assets\reference\ce\art\9308590.png"
"MorganBerserker","final_collection","official mapped artwork","queen","attack","9301060","Manifestation of the Golden Rule","assets\reference\ce\art\9301060.png"
"MorganBerserker","from_the_worlds_end","official mapped artwork","winter","cast","9802400","World's End White","assets\reference\ce\art\9802400.png"
"MorganBerserker","hailstorm_wall","official mapped artwork","winter","cast","9401140","Threefold Barrier","assets\reference\ce\art\9401140.png"
"MorganBerserker","item_construction","official mapped artwork","queen","idle","9402890","Witches' Kitchen","assets\reference\ce\art\9402890.png"
"MorganBerserker","knights_arm","official mapped artwork","queen","attack","9400640","Knight's Dignity","assets\reference\ce\art\9400640.png"
"MorganBerserker","lance_of_the_worlds_end","official mapped artwork","winter","attack","9305570","At World's End","assets\reference\ce\art\9305570.png"
"MorganBerserker","last_resort","official mapped artwork","queen","cast","9303360","Final Vacation","assets\reference\ce\art\9303360.png"
"MorganBerserker","mad_lunge","official mapped artwork","queen","attack","9402320","Outrage","assets\reference\ce\art\9402320.png"
"MorganBerserker","madness_enhancement","official mapped artwork","queen","idle","9408600","The One Who Stands at the Summit of Berserkers","assets\reference\ce\art\9408600.png"
"MorganBerserker","melusines_talon","official mapped artwork","queen","attack","9302880","The Dragon and the Dragon Swordsman","assets\reference\ce\art\9302880.png"
"MorganBerserker","memory_of_londinium","official mapped artwork","aesc","attack","9306410","Sword of Kings and Heroes","assets\reference\ce\art\9306410.png"
"MorganBerserker","memory_of_the_ash_tree","official mapped artwork","aesc","cast","9400960","Golden Millennium Tree","assets\reference\ce\art\9400960.png"
"MorganBerserker","mirror_clans_trick","official mapped artwork","queen","cast","9302670","Uncertain Glass","assets\reference\ce\art\9302670.png"
"MorganBerserker","mirror_strike","official mapped artwork","queen","attack","9400340","Kaleidoscope","assets\reference\ce\art\9400340.png"
"MorganBerserker","mist_veil","official mapped artwork","queen","cast","9300520","A Misty Night in London","assets\reference\ce\art\9300520.png"
"MorganBerserker","perpetual_winter","official mapped artwork","winter","idle","9403640","Goddesses of the Glittering Snow","assets\reference\ce\art\9403640.png"
"MorganBerserker","protection_of_the_lake","official mapped artwork","queen","cast","9301310","Lady of the Lake","assets\reference\ce\art\9301310.png"
"MorganBerserker","protective_frost","official mapped artwork","winter","cast","9405500","Winter Crystal","assets\reference\ce\art\9405500.png"
"MorganBerserker","queens_fury","official mapped artwork","queen","attack","9406440","Vengeance from the Underworld","assets\reference\ce\art\9406440.png"
"MorganBerserker","queens_gaze","official mapped artwork","queen","cast","9404010","Purple Eyes","assets\reference\ce\art\9404010.png"
"MorganBerserker","queens_mandate","official mapped artwork","queen","cast","9401430","Self Geas Scroll","assets\reference\ce\art\9401430.png"
"MorganBerserker","queens_metamorphosis","official mapped artwork","queen","cast","9308590","Exhibition Attire: Aesc the Rain Witch","assets\reference\ce\art\9308590.png"
"MorganBerserker","queens_sacrifice","official mapped artwork","winter","attack","9406440","Vengeance from the Underworld","assets\reference\ce\art\9406440.png"
"MorganBerserker","queens_scorn","official mapped artwork","queen","attack","9308590","Exhibition Attire: Aesc the Rain Witch","assets\reference\ce\art\9308590.png"
"MorganBerserker","queens_sentence_unleashed","official mapped artwork","queen","attack","9300290","Blood-Thirsting Axe","assets\reference\ce\art\9300290.png"
"MorganBerserker","quick_morgan","official command card","","","COMMAND","FGO Command Card",""
"MorganBerserker","rain_chant","official mapped artwork","aesc","cast","9307900","\""Gentle Rain in a Dark Forest\""","assets\reference\ce\art\9307900.png"
"MorganBerserker","rain_witch_form","official mapped artwork","aesc","cast","9401990","Witch Under the Moonlight","assets\reference\ce\art\9401990.png"
"MorganBerserker","replica_barrage","official mapped artwork","queen","attack","9308310","Tatars' Lance","assets\reference\ce\art\9308310.png"
"MorganBerserker","replica_lance","official mapped artwork","queen","attack","9400230","Projection","assets\reference\ce\art\9400230.png"
"MorganBerserker","rhongomyniad_rain","official mapped artwork","aesc","attack","9305590","Sacred Lance Longinus","assets\reference\ce\art\9305590.png"
"MorganBerserker","roadless_camelot","official mapped artwork","queen","attack","9301550","The Tower of Avalon","assets\reference\ce\art\9301550.png"
"MorganBerserker","royal_edict","official mapped artwork","queen","cast","9401430","Self Geas Scroll","assets\reference\ce\art\9401430.png"
"MorganBerserker","royal_execution","official mapped artwork","queen","attack","9300290","Blood-Thirsting Axe","assets\reference\ce\art\9300290.png"
"MorganBerserker","royal_punishment","official mapped artwork","queen","attack","9308180","Guillotine Ricanante","assets\reference\ce\art\9308180.png"
"MorganBerserker","saviors_tears","official mapped artwork","aesc","cast","9403840","Winter's Prayer","assets\reference\ce\art\9403840.png"
"MorganBerserker","saviors_vengeance","official mapped artwork","aesc","attack","9307130","Eternal Spirit of Vengeance","assets\reference\ce\art\9307130.png"
"MorganBerserker","scepter_blow","official mapped artwork","queen","attack","9300460","Hekate's Staff","assets\reference\ce\art\9300460.png"
"MorganBerserker","silly_mama","official mapped artwork","queen","cast","9407140","The Illegitimate Red Child's Dream","assets\reference\ce\art\9407140.png"
"MorganBerserker","sovereign_of_two_faces","official mapped artwork","queen","idle","9402190","Collection of Mysterious Masks","assets\reference\ce\art\9402190.png"
"MorganBerserker","spriggan_vigil","official mapped artwork","queen","idle","9302520","Guardian Gigantic","assets\reference\ce\art\9302520.png"
"MorganBerserker","storms_wrath","official mapped artwork","winter","attack","9406360","Ice Warrior","assets\reference\ce\art\9406360.png"
"MorganBerserker","strike_morgan","official mapped artwork","queen","attack","9311470","英霊極点：モルガン","assets\reference\ce\art\9311470.png"
"MorganBerserker","tax_collection","official mapped artwork","queen","cast","9302560","Tribute for King Solomon","assets\reference\ce\art\9302560.png"
"MorganBerserker","territory_creation","official mapped artwork","queen","idle","9301550","The Tower of Avalon","assets\reference\ce\art\9301550.png"
"MorganBerserker","twin_replicas","official mapped artwork","queen","attack","9308070","Pair of White Swords","assets\reference\ce\art\9308070.png"
"MorganBerserker","tyrants_blood","official mapped artwork","queen","attack","9406270","Crucible of Bloody Tears","assets\reference\ce\art\9406270.png"
"MorganBerserker","tyrants_lance","official mapped artwork","queen","attack","9408650","The One Who Stands at the Summit of Lancers","assets\reference\ce\art\9408650.png"
"MorganBerserker","tyrants_sweep","official mapped artwork","queen","attack","9401530","Divine Princess of the Storm","assets\reference\ce\art\9401530.png"
"MorganBerserker","under_the_world_tree","official mapped artwork","queen","cast","9300080","Yggdrasil Tree","assets\reference\ce\art\9300080.png"
"MorganBerserker","vassalage","official mapped artwork","queen","cast","9300980","Knight's Oath","assets\reference\ce\art\9300980.png"
"MorganBerserker","vivians_gift","official mapped artwork","aesc","cast","9304410","Then the Sacred Sword Shines","assets\reference\ce\art\9304410.png"
"MorganBerserker","wild_hunt_charge","official mapped artwork","queen","attack","9405030","Demonic Parade","assets\reference\ce\art\9405030.png"
"MorganBerserker","winter_coronation","official mapped artwork","winter","cast","9403820","Crowning Beauty, Greater Glory","assets\reference\ce\art\9403820.png"
"MorganBerserker","winter_court","official mapped artwork","winter","idle","9302690","Pharaoh’s Great Winter Celebration","assets\reference\ce\art\9302690.png"
"MorganBerserker","winter_decree","official mapped artwork","winter","cast","9405680","Holy Maiden of Winter","assets\reference\ce\art\9405680.png"
"MorganBerserker","winter_steel","official mapped artwork","winter","cast","9300070","Castle of Snow","assets\reference\ce\art\9300070.png"
"MorganBerserker","winter_thorns","official mapped artwork","winter","cast","9304620","Seed of Thorns","assets\reference\ce\art\9304620.png"
"MorganBerserker","witchs_mark","official mapped artwork","aesc","cast","9401990","Witch Under the Moonlight","assets\reference\ce\art\9401990.png"
"OberonPretender","a_dream_raised_to_the_beyond","official mapped artwork","base","cast","9301550","The Tower of Avalon","assets\reference\ce\art\9301550.png"
"OberonPretender","a_winters_tale","official mapped artwork","winter","cast","9405680","Holy Maiden of Winter","assets\reference\ce\art\9405680.png"
"OberonPretender","absolute_disguise","official mapped artwork","base","cast","9309580","Heroic Spirit Celebratory Attire: Oberon","assets\reference\ce\art\9309580.png"
"OberonPretender","abyssal_fairy_dust","official mapped artwork","vortigern","cast","9310760","Heroic Spirit Stellar Journey: Lady Avalon","assets\reference\ce\art\9310760.png"
"OberonPretender","apocalypse_io_u","official mapped artwork","base","cast","9302520","Guardian Gigantic","assets\reference\ce\art\9302520.png"
"OberonPretender","autumn_wood_harvest","official mapped artwork","base","cast","9405690","Guardians of the Garden","assets\reference\ce\art\9405690.png"
"OberonPretender","bedtime_story","official mapped artwork","base","cast","9803700","Powder Sugar Snow Tale","assets\reference\ce\art\9803700.png"
"OberonPretender","black_butterflies","official mapped artwork","base","attack","9305670","Illusion For You","assets\reference\ce\art\9305670.png"
"OberonPretender","but_a_dream","official mapped artwork","base","cast","9401600","Bygone Dream","assets\reference\ce\art\9401600.png"
"OberonPretender","collecting_names","official mapped artwork","base","cast","9300870","Letter From a Friend","assets\reference\ce\art\9300870.png"
"OberonPretender","court_of_insect_fae","official mapped artwork","base","idle","9301090","Library of the Hundred Personas","assets\reference\ce\art\9301090.png"
"OberonPretender","dawns_advance","official mapped artwork","base","cast","9400690","Holy Night Sign","assets\reference\ce\art\9400690.png"
"OberonPretender","defend","official mapped artwork","base","cast","9300520","A Misty Night in London","assets\reference\ce\art\9300520.png"
"OberonPretender","dragonfly_wings","official mapped artwork","winter","attack","9408080","Song of Slumber","assets\reference\ce\art\9408080.png"
"OberonPretender","dragons_blender_maw","official mapped artwork","base","attack","9806880","Evil Dragon under the Pillow","assets\reference\ce\art\9806880.png"
"OberonPretender","dreamlike_mist","official mapped artwork","base","cast","9300520","A Misty Night in London","assets\reference\ce\art\9300520.png"
"OberonPretender","dusk_song","official mapped artwork","base","cast","9400300","Angel's Song","assets\reference\ce\art\9400300.png"
"OberonPretender","early_collection","official mapped artwork","base","cast","9402940","Golden and Sun, the Gamblers","assets\reference\ce\art\9402940.png"
"OberonPretender","empty_promise","official mapped artwork","base","cast","9304750","The Promised Time","assets\reference\ce\art\9304750.png"
"OberonPretender","end_of_the_tale","official mapped artwork","base","attack","9303810","At the End of the Dream","assets\reference\ce\art\9303810.png"
"OberonPretender","ending_of_dreams","official mapped artwork","vortigern","cast","9405070","∞ Dream","assets\reference\ce\art\9405070.png"
"OberonPretender","ending_where_britain_has_future","official mapped artwork","vortigern","cast","9302760","What Encapsulates the World","assets\reference\ce\art\9302760.png"
"OberonPretender","evening_shroud","official mapped artwork","base","cast","9402730","Phantom Night","assets\reference\ce\art\9402730.png"
"OberonPretender","fae_tribute","official mapped artwork","base","cast","9302550","Falcon Witch's Banquet","assets\reference\ce\art\9302550.png"
"OberonPretender","faerie_negotiation","official mapped artwork","base","cast","9808690","Chocolate Faerie Britain","assets\reference\ce\art\9808690.png"
"OberonPretender","false_starfall","official mapped artwork","base","cast","9404830","Twinkling Stars","assets\reference\ce\art\9404830.png"
"OberonPretender","feather_coat","official mapped artwork","winter","cast","9303550","The Noble Sword and Shield","assets\reference\ce\art\9303550.png"
"OberonPretender","forget_me_not_petals","official mapped artwork","base","cast","9406180","Unwithering Flower","assets\reference\ce\art\9406180.png"
"OberonPretender","fortune_e_x","official mapped artwork","base","cast","9404530","Looking up at the Starry Sky","assets\reference\ce\art\9404530.png"
"OberonPretender","happy_ending_plan","official mapped artwork","vortigern","idle","9400480","The Black Grail","assets\reference\ce\art\9400480.png"
"OberonPretender","impossible_confession","official mapped artwork","base","cast","9403090","Mercy","assets\reference\ce\art\9403090.png"
"OberonPretender","insects_vigil","official mapped artwork","base","idle","9308020","Faerie Britain New Year's Ritual","assets\reference\ce\art\9308020.png"
"OberonPretender","interest_in_my_favor","official mapped artwork","base","idle","9805210","Just Pay Me Back with a Kiss","assets\reference\ce\art\9805210.png"
"OberonPretender","iron_eyes","official mapped artwork","base","cast","9300690","Impure Death Mask","assets\reference\ce\art\9300690.png"
"OberonPretender","item_construction_a_plus","official mapped artwork","base","idle","9402190","Collection of Mysterious Masks","assets\reference\ce\art\9402190.png"
"OberonPretender","king_faes_word","official mapped artwork","base","cast","9308450","Exhibition Attire: Oberon","assets\reference\ce\art\9308450.png"
"OberonPretender","kings_favor","official mapped artwork","base","attack","9300020","Relic of the King","assets\reference\ce\art\9300020.png"
"OberonPretender","lie_like_vortigern","official mapped artwork","vortigern","idle","9301030","White Dragon","assets\reference\ce\art\9301030.png"
"OberonPretender","lie_like_vortigern_unleashed","official mapped artwork","vortigern","attack","9303750","Beyond Oblivion","assets\reference\ce\art\9303750.png"
"OberonPretender","light_sleep","official mapped artwork","base","cast","9405730","Slumbering City","assets\reference\ce\art\9405730.png"
"OberonPretender","luck_e_x","official mapped artwork","base","cast","9300450","Star of Prophecy","assets\reference\ce\art\9300450.png"
"OberonPretender","lullaby_of_the_end","official mapped artwork","vortigern","cast","9405310","Sink Deeper","assets\reference\ce\art\9405310.png"
"OberonPretender","march_of_insect_fae","official mapped artwork","base","attack","9808870","Faerie Britain's Summer Break","assets\reference\ce\art\9808870.png"
"OberonPretender","midnight_assault","official mapped artwork","base","attack","9403270","A Tale of Love and Hope","assets\reference\ce\art\9403270.png"
"OberonPretender","morning_lark_alt","official mapped artwork","base","cast","9400410","Nightless Rose","assets\reference\ce\art\9400410.png"
"OberonPretender","mortgage_tomorrow","official mapped artwork","base","cast","9301530","Impossible Tomorrow","assets\reference\ce\art\9301530.png"
"OberonPretender","moth_flight","official mapped artwork","base","attack","9402760","Golden Wings","assets\reference\ce\art\9402760.png"
"OberonPretender","night_reading","official mapped artwork","base","idle","9805550","Half-Read Iliad","assets\reference\ce\art\9805550.png"
"OberonPretender","nightfall","official mapped artwork","base","cast","9401940","Howl at the Moon","assets\reference\ce\art\9401940.png"
"OberonPretender","nocturnal_euphoria","official mapped artwork","base","idle","9403680","Beautiful Dreamer","assets\reference\ce\art\9403680.png"
"OberonPretender","piper_of_autumn_wood","official mapped artwork","base","attack","9306180","Amulet from the Depths of the Dark Forest","assets\reference\ce\art\9306180.png"
"OberonPretender","princes_smile","official mapped artwork","winter","cast","9403610","Mark on a Smiling Face","assets\reference\ce\art\9403610.png"
"OberonPretender","ride_the_hawk_moth","official mapped artwork","base","cast","9304470","Hunter of the Stars","assets\reference\ce\art\9304470.png"
"OberonPretender","robin_goodfellows_trick","official mapped artwork","base","cast","9402050","Inverted Moon of the Heavens","assets\reference\ce\art\9402050.png"
"OberonPretender","royal_loan","official mapped artwork","base","cast","9404430","God's Deal","assets\reference\ce\art\9404430.png"
"OberonPretender","rye_rhyme_goodfellow","official mapped artwork","base","attack","9307830","Celebration Portrait: Lady Avalon","assets\reference\ce\art\9307830.png"
"OberonPretender","rye_rhyme_goodfellow_unleashed","official mapped artwork","base","attack","9310610","Heroic Spirit Stellar Journey: Oberon","assets\reference\ce\art\9310610.png"
"OberonPretender","scale_avalanche","official mapped artwork","base","attack","9303680","Beyond the Gates of Gourmet","assets\reference\ce\art\9303680.png"
"OberonPretender","scale_dust","official mapped artwork","base","attack","9303640","Scale of the Stars","assets\reference\ce\art\9303640.png"
"OberonPretender","sovereign_debt","official mapped artwork","base","attack","9300120","Queen's Present","assets\reference\ce\art\9300120.png"
"OberonPretender","sting_of_resentment","official mapped artwork","vortigern","attack","9304620","Seed of Thorns","assets\reference\ce\art\9304620.png"
"OberonPretender","strike","official mapped artwork","base","attack","9400690","Holy Night Sign","assets\reference\ce\art\9400690.png"
"OberonPretender","sweet_words","official mapped artwork","base","cast","9402900","Sweet Days","assets\reference\ce\art\9402900.png"
"OberonPretender","territory_creation_e_minus","official mapped artwork","base","cast","9301640","The Garden","assets\reference\ce\art\9301640.png"
"OberonPretender","the_swallowed_storm","official mapped artwork","vortigern","cast","9401530","Divine Princess of the Storm","assets\reference\ce\art\9401530.png"
"OberonPretender","the_worm_of_the_abyss","official mapped artwork","vortigern","attack","9303800","Abyssal Cyber Paradise, SE.RA.PH","assets\reference\ce\art\9303800.png"
"OberonPretender","thorn_of_the_abyss","official mapped artwork","vortigern","attack","9301580","The Mountain Abyss","assets\reference\ce\art\9301580.png"
"OberonPretender","threat_to_humanity","official mapped artwork","vortigern","idle","9301630","108 Demonic Stars","assets\reference\ce\art\9301630.png"
"OberonPretender","tricolor_dew","official mapped artwork","base","cast","9404380","Blue Illusion","assets\reference\ce\art\9404380.png"
"OberonPretender","two_faced","official mapped artwork","base","attack","9807070","Beauty-Concealing Mask","assets\reference\ce\art\9807070.png"
"OberonPretender","vespers_of_the_end","official mapped artwork","vortigern","idle","9403880","Holy King of Twilight","assets\reference\ce\art\9403880.png"
"OberonPretender","while_the_world_sleeps","official mapped artwork","vortigern","cast","9405650","A Thousand Nights","assets\reference\ce\art\9405650.png"
"OberonPretender","white_lie","official mapped artwork","base","attack","9301240","A Single Lie","assets\reference\ce\art\9301240.png"
"OberonPretender","wings_of_reverie","official mapped artwork","base","idle","9304610","The Dreaming Path","assets\reference\ce\art\9304610.png"
"OkitaSaber","bakumatsu_flower","official mapped artwork","base","idle","9408050","Sea-Preserving Cherry Blossom-Filled Dream","assets\reference\ce\art\9408050.png"
"OkitaSaber","bakumatsu_spirit","official mapped artwork","base","idle","9806150","CE EXP Card: GUDAGUDA Meiji Restoration","assets\reference\ce\art\9806150.png"
"OkitaSaber","battle_breath","official mapped artwork","base","cast","9407060","Twilight Meditation","assets\reference\ce\art\9407060.png"
"OkitaSaber","battojutsu","official mapped artwork","base","attack","9401650","Hidden Sword: Pheasant Reversal","assets\reference\ce\art\9401650.png"
"OkitaSaber","bitter_medicine","official mapped artwork","base","cast","9806240","Vice Commander-Produced Powdered Medicine","assets\reference\ce\art\9806240.png"
"OkitaSaber","blade_dance","official mapped artwork","base","attack","9405600","Dancing Like a Flower","assets\reference\ce\art\9405600.png"
"OkitaSaber","blinding_speed","official mapped artwork","base","cast","9303600","Contest of Speed","assets\reference\ce\art\9303600.png"
"OkitaSaber","breather","official mapped artwork","base","cast","9300930","Sacred Spring","assets\reference\ce\art\9300930.png"
"OkitaSaber","breather_lite","official mapped artwork","base","cast","9806100","The Maiden Saint's Breather","assets\reference\ce\art\9806100.png"
"OkitaSaber","captains_onslaught","official mapped artwork","base","attack","9300740","Final Battle","assets\reference\ce\art\9300740.png"
"OkitaSaber","catch_your_breath","official mapped artwork","base","cast","9402070","A Moment of Tranquility","assets\reference\ce\art\9402070.png"
"OkitaSaber","cherry_in_full_bloom","official mapped artwork","base","cast","9405170","To the Beyond, Bereft the Snowy Blossom","assets\reference\ce\art\9405170.png"
"OkitaSaber","clear_mind","official mapped artwork","base","cast","9403360","Water Shine","assets\reference\ce\art\9403360.png"
"OkitaSaber","crimson_kerchief","official mapped artwork","base","cast","9806910","Cotton Scarf","assets\reference\ce\art\9806910.png"
"OkitaSaber","cross_cut","official mapped artwork","base","attack","9302530","Pray Upon the Sword, Wish Upon Life","assets\reference\ce\art\9302530.png"
"OkitaSaber","defend","official mapped artwork","base","cast","9307120","Pure-Hearted Shield","assets\reference\ce\art\9307120.png"
"OkitaSaber","defensive_fencing","official mapped artwork","base","cast","9302860","Divine Iron Shield","assets\reference\ce\art\9302860.png"
"OkitaSaber","double_thrust","official mapped artwork","base","attack","9308070","Pair of White Swords","assets\reference\ce\art\9308070.png"
"OkitaSaber","duel_in_the_snow","official mapped artwork","base","attack","9302390","Prisma☆Illya Oath Under The Snow","assets\reference\ce\art\9302390.png"
"OkitaSaber","duelists_instinct","official mapped artwork","base","cast","9303780","Seven Duels of Swordmasters","assets\reference\ce\art\9303780.png"
"OkitaSaber","event_saturation","official mapped artwork","base","cast","9402420","Conquering the Great Sea of Stars","assets\reference\ce\art\9402420.png"
"OkitaSaber","eyes_on_the_tip","official mapped artwork","base","attack","9407050","Winner's Eye","assets\reference\ce\art\9407050.png"
"OkitaSaber","feint","official mapped artwork","base","attack","9407770","Ordinary Blade","assets\reference\ce\art\9407770.png"
"OkitaSaber","final_promise","official mapped artwork","base","cast","9304750","The Promised Time","assets\reference\ce\art\9304750.png"
"OkitaSaber","first_unit_charge","official mapped artwork","base","attack","9400620","GUDAGUDA Poster Girl","assets\reference\ce\art\9400620.png"
"OkitaSaber","five_flashes","official mapped artwork","base","attack","9308780","Epitaph of the Star Sword","assets\reference\ce\art\9308780.png"
"OkitaSaber","genius_cut","official mapped artwork","base","attack","9308190","Black Blade","assets\reference\ce\art\9308190.png"
"OkitaSaber","glinting_edge","official mapped artwork","base","attack","9404830","Twinkling Stars","assets\reference\ce\art\9404830.png"
"OkitaSaber","i_dont_shoot_beams","official mapped artwork","base","attack","9400060","Flash","assets\reference\ce\art\9400060.png"
"OkitaSaber","ikedaya_cut","official mapped artwork","base","attack","9403190","Imperial Capital Grail War","assets\reference\ce\art\9403190.png"
"OkitaSaber","infinite_instant","official mapped artwork","base","cast","9302810","At the End of Eternity","assets\reference\ce\art\9302810.png"
"OkitaSaber","kiai","official mapped artwork","base","cast","9400090","Concentration","assets\reference\ce\art\9400090.png"
"OkitaSaber","kiku_ichimonji","official mapped artwork","base","attack","9300940","Indestructible Blade","assets\reference\ce\art\9300940.png"
"OkitaSaber","last_spring_memory","official mapped artwork","base","idle","9303530","Reminiscence of Spring","assets\reference\ce\art\9303530.png"
"OkitaSaber","late_bloom","official mapped artwork","base","idle","9307290","Bloom in Spring","assets\reference\ce\art\9307290.png"
"OkitaSaber","magic_resistance_e","official mapped artwork","base","cast","9401160","Mystic Eyes of Distortion","assets\reference\ce\art\9401160.png"
"OkitaSaber","makoto","official mapped artwork","base","idle","9401920","Glory Is With Me","assets\reference\ce\art\9401920.png"
"OkitaSaber","minds_eye_fake","official mapped artwork","base","cast","9404010","Purple Eyes","assets\reference\ce\art\9404010.png"
"OkitaSaber","mumyou_first_thrust","official mapped artwork","base","attack","9306940","Dream Portrait: Okita Souji","assets\reference\ce\art\9306940.png"
"OkitaSaber","mumyou_manual","official mapped artwork","base","attack","9309560","Heroic Spirit Celebratory Attire: Okita Souji","assets\reference\ce\art\9309560.png"
"OkitaSaber","mumyou_unleashed","official mapped artwork","base","attack","9802700","Grand Blade Usumidori","assets\reference\ce\art\9802700.png"
"OkitaSaber","one_day_bloom","official mapped artwork","base","cast","9403970","Morning Glory","assets\reference\ce\art\9403970.png"
"OkitaSaber","perfect_slash","official mapped artwork","base","attack","9302740","Inferno Sword","assets\reference\ce\art\9302740.png"
"OkitaSaber","petal_rain","official mapped artwork","base","cast","9403730","Glorious Cherry Blossoms","assets\reference\ce\art\9403730.png"
"OkitaSaber","prodigys_glare","official mapped artwork","base","cast","9405590","Nothing Can Escape These Eyes","assets\reference\ce\art\9405590.png"
"OkitaSaber","prodigys_sense","official mapped artwork","base","idle","9303640","Scale of the Stars","assets\reference\ce\art\9303640.png"
"OkitaSaber","pursuit","official mapped artwork","base","attack","9307030","Divine Golden-Eyed Warbler","assets\reference\ce\art\9307030.png"
"OkitaSaber","reprimand","official mapped artwork","base","attack","9403320","Raging Wind","assets\reference\ce\art\9403320.png"
"OkitaSaber","riding_e","official mapped artwork","base","idle","9300610","Hand of Lightning","assets\reference\ce\art\9300610.png"
"OkitaSaber","rising_cut","official mapped artwork","base","attack","9403210","Fang-Sharp Shadow Blade","assets\reference\ce\art\9403210.png"
"OkitaSaber","sakura_fubuki","official mapped artwork","base","attack","9404620","Filler Flowers","assets\reference\ce\art\9404620.png"
"OkitaSaber","sakura_slash","official mapped artwork","base","attack","9403250","Sakura's Special Bento","assets\reference\ce\art\9403250.png"
"OkitaSaber","scent_of_sakura","official mapped artwork","base","cast","9403800","Spring Beauty","assets\reference\ce\art\9403800.png"
"OkitaSaber","seigan_guard","official mapped artwork","base","cast","9307120","Pure-Hearted Shield","assets\reference\ce\art\9307120.png"
"OkitaSaber","sheathe","official mapped artwork","base","cast","9304470","Hunter of the Stars","assets\reference\ce\art\9304470.png"
"OkitaSaber","shinsengumi_sweep","official mapped artwork","base","attack","9408870","Gudaguda Shinsegumi","assets\reference\ce\art\9408870.png"
"OkitaSaber","shinsengumi_will","official mapped artwork","base","idle","9301650","Haori of the Vow","assets\reference\ce\art\9301650.png"
"OkitaSaber","shukuchi","official mapped artwork","base","attack","9806210","Swift Ride","assets\reference\ce\art\9806210.png"
"OkitaSaber","shukuchi_b_plus","official mapped artwork","base","cast","9400720","Awakened Will","assets\reference\ce\art\9400720.png"
"OkitaSaber","shukuchi_step","official mapped artwork","base","cast","9404500","Mission Start","assets\reference\ce\art\9404500.png"
"OkitaSaber","sickly_constitution","official mapped artwork","base","cast","9407280","In Sickness and In Health","assets\reference\ce\art\9407280.png"
"OkitaSaber","steady_step","official mapped artwork","base","idle","9300380","Things to Calm the Heart","assets\reference\ce\art\9300380.png"
"OkitaSaber","strike","official mapped artwork","base","attack","9403210","Fang-Sharp Shadow Blade","assets\reference\ce\art\9403210.png"
"OkitaSaber","sword_genius","official mapped artwork","base","idle","9408540","The One Who Stands at the Summit of Sabers","assets\reference\ce\art\9408540.png"
"OkitaSaber","tennen_rishin_breath","official mapped artwork","base","idle","9406820","Winds of Spring","assets\reference\ce\art\9406820.png"
"OkitaSaber","third_stance","official mapped artwork","base","cast","9300420","Headband of Resolve","assets\reference\ce\art\9300420.png"
"OkitaSaber","thousand_thrusts","official mapped artwork","base","idle","9301630","108 Demonic Stars","assets\reference\ce\art\9301630.png"
"OkitaSaber","three_step_dash","official mapped artwork","base","attack","9307860","Dashing Through Summer","assets\reference\ce\art\9307860.png"
"OkitaSaber","to_the_end","official mapped artwork","base","cast","9303760","Last Will and Testament","assets\reference\ce\art\9303760.png"
"OkitaSaber","tos","official mapped artwork","base","cast","9406270","Crucible of Bloody Tears","assets\reference\ce\art\9406270.png"
"OkitaSaber","unsheathe","official mapped artwork","base","cast","9304420","Leaving the Sword Behind for a Little While","assets\reference\ce\art\9304420.png"
"OkitaSaber","untimely_cough","official mapped artwork","base","attack","9407080","Sweat Blood","assets\reference\ce\art\9407080.png"
"OkitaSaber","veil_of_petals","official mapped artwork","base","cast","9406770","Precious Blossoms of Snow","assets\reference\ce\art\9406770.png"
"OkitaSaber","zettou_a","official mapped artwork","base","cast","9301670","Dazzling Radiance","assets\reference\ce\art\9301670.png"
"SiegfriedSaber","balmung","official mapped artwork","base","attack","9304410","Then the Sacred Sword Shines","assets\reference\ce\art\9304410.png"
"SiegfriedSaber","balmung_swing","official mapped artwork","base","attack","9406620","Great Sword of Distinction","assets\reference\ce\art\9406620.png"
"SiegfriedSaber","balmung_unleashed","official mapped artwork","base","attack","9304410","Balmung","assets\reference\ce\art\9304410.png"
"SiegfriedSaber","blood_baptism","official mapped artwork","base","cast","9406270","Crucible of Bloody Tears","assets\reference\ce\art\9406270.png"
"SiegfriedSaber","brave_resolve","official mapped artwork","base","cast","9300420","Headband of Resolve","assets\reference\ce\art\9300420.png"
"SiegfriedSaber","by_my_conviction","official mapped artwork","base","cast","9300980","Knight's Oath","assets\reference\ce\art\9300980.png"
"SiegfriedSaber","conviction_charge","official mapped artwork","base","cast","9300980","Knight's Dignity","assets\reference\ce\art\9300980.png"
"SiegfriedSaber","conviction_scales","official mapped artwork","base","cast","9302720","Dragon Scale Guard","assets\reference\ce\art\9302720.png"
"SiegfriedSaber","crown_of_the_peerless","official mapped artwork","base","idle","9300010","Crown of the Star","assets\reference\ce\art\9300010.png"
"SiegfriedSaber","dead_dragons_edge","official mapped artwork","base","cast","9301030","White Dragon","assets\reference\ce\art\9301030.png"
"SiegfriedSaber","defend","official mapped artwork","base","cast","9302860","Divine Iron Shield","assets\reference\ce\art\9302860.png"
"SiegfriedSaber","draconic_rampart","official mapped artwork","base","cast","9406610","Raging Dragon's Lair","assets\reference\ce\art\9406610.png"
"SiegfriedSaber","dragon_hunter_strike","official mapped artwork","base","attack","9408310","Hunting Dragons","assets\reference\ce\art\9408310.png"
"SiegfriedSaber","dragon_scale_guard","official mapped artwork","base","cast","9302720","Calydonian Hide","assets\reference\ce\art\9302720.png"
"SiegfriedSaber","dragon_slayer_strike","official mapped artwork","base","attack","9401270","Prince of Slayer","assets\reference\ce\art\9401270.png"
"SiegfriedSaber","dragon_slayers_edge","official mapped artwork","base","attack","9300940","Indestructible Blade","assets\reference\ce\art\9300940.png"
"SiegfriedSaber","dragonblood_ascendant","official mapped artwork","base","idle","9300050","Memories of the Dragon","assets\reference\ce\art\9300050.png"
"SiegfriedSaber","dragonblood_cut","official mapped artwork","base","attack","9302880","The Dragon and the Dragon Swordsman","assets\reference\ce\art\9302880.png"
"SiegfriedSaber","dragonblood_surge","official mapped artwork","base","attack","9400180","Dragon's Meridian","assets\reference\ce\art\9400180.png"
"SiegfriedSaber","exposed_back","official mapped artwork","base","attack","9308970","The Spear that Killed a Certain Serpent","assets\reference\ce\art\9308970.png"
"SiegfriedSaber","fafnirs_executioner","official mapped artwork","base","attack","9406610","Raging Dragon's Lair","assets\reference\ce\art\9406610.png"
"SiegfriedSaber","gather_prowess","official mapped artwork","base","cast","9300780","Surge of the Warrior","assets\reference\ce\art\9300780.png"
"SiegfriedSaber","gleaming_scales","official mapped artwork","base","cast","9303640","Scale of the Stars","assets\reference\ce\art\9303640.png"
"SiegfriedSaber","golden_rule","official mapped artwork","base","idle","9301060","Manifestation of the Golden Rule","assets\reference\ce\art\9301060.png"
"SiegfriedSaber","grani_stalk","official mapped artwork","base","cast","9802800","Royal White Steed","assets\reference\ce\art\9802800.png"
"SiegfriedSaber","heavy_blow","official mapped artwork","base","attack","9400470","With One Strike","assets\reference\ce\art\9400470.png"
"SiegfriedSaber","heros_backswing","official mapped artwork","base","attack","9304490","The Sword Broken at Battle's End","assets\reference\ce\art\9304490.png"
"SiegfriedSaber","iron_guard","official mapped artwork","base","cast","9302860","Divine Iron Shield","assets\reference\ce\art\9302860.png"
"SiegfriedSaber","last_will","official mapped artwork","base","cast","9303760","Last Will and Testament","assets\reference\ce\art\9303760.png"
"SiegfriedSaber","linden_scar","official mapped artwork","base","idle","9406820","Winds of Spring","assets\reference\ce\art\9406820.png"
"SiegfriedSaber","nibelung_hoard","official mapped artwork","base","cast","9300240","Das Rheingold","assets\reference\ce\art\9300240.png"
"SiegfriedSaber","piercing_glare","official mapped artwork","base","attack","9306930","Dream Portrait: Siegfried","assets\reference\ce\art\9306930.png"
"SiegfriedSaber","scale_bulwark","official mapped artwork","base","cast","9302720","Dragon Scale Guard","assets\reference\ce\art\9302720.png"
"SiegfriedSaber","scale_eruption","official mapped artwork","base","attack","9300050","Memories of the Dragon","assets\reference\ce\art\9300050.png"
"SiegfriedSaber","scale_storm","official mapped artwork","base","attack","9408310","Hunting Dragons","assets\reference\ce\art\9408310.png"
"SiegfriedSaber","strategic_withdrawal","official mapped artwork","base","cast","9303550","The Noble Sword and Shield","assets\reference\ce\art\9303550.png"
"SiegfriedSaber","strike","official mapped artwork","base","attack","9302880","Dragonblood Cut","assets\reference\ce\art\9302880.png"
"SiegfriedSaber","tarnkappe","official mapped artwork","base","idle","9808680","Huang Family Cloak","assets\reference\ce\art\9808680.png"
"SiegfriedSaber","weight_of_expectations","official mapped artwork","base","idle","9300110","Eternal Solitude","assets\reference\ce\art\9300110.png"
"SiegfriedSaber","wyrmskin_guard","official mapped artwork","base","cast","9400200","Dragonkin","assets\reference\ce\art\9400200.png"
"SiegfriedSaber","wyrmslayer_gaze","official mapped artwork","base","attack","9401270","Prince of Slayer","assets\reference\ce\art\9401270.png"
"Tiamat","abyssal_chrysalis","official mapped artwork","beast","cast","9308580","Exhibition Attire: Larva/Tiamat","assets\reference\ce\art\9308580.png"
"Tiamat","abyssal_toll","official mapped artwork","beast","attack","9301580","The Mountain Abyss","assets\reference\ce\art\9301580.png"
"Tiamat","black_deluge","official mapped artwork","beast","cast","9408810","Beyond the Flood","assets\reference\ce\art\9408810.png"
"Tiamat","black_mud","official mapped artwork","beast","cast","9407180","Slimy Black Bog","assets\reference\ce\art\9407180.png"
"Tiamat","black_tide_surge","official mapped artwork","beast","attack","9407250","Beyond the Waves","assets\reference\ce\art\9407250.png"
"Tiamat","brackish_lash","official mapped artwork","beast","attack","9400220","Primeval Curse","assets\reference\ce\art\9400220.png"
"Tiamat","broken_horn","official mapped artwork","beast","attack","9407070","Talon Decorations of Chaos","assets\reference\ce\art\9407070.png"
"Tiamat","broken_horn_beast","official mapped artwork","beast","attack","9407070","Talon Decorations of Chaos","assets\reference\ce\art\9407070.png"
"Tiamat","brood_nest","official mapped artwork","beast","idle","9307810","Celebration Portrait: Larva/Tiamat","assets\reference\ce\art\9307810.png"
"Tiamat","call_of_the_sea","official mapped artwork","beast","cast","9308830","Motherly Heart","assets\reference\ce\art\9308830.png"
"Tiamat","carapace","official mapped artwork","femme","cast","9303640","Scale of the Stars","assets\reference\ce\art\9303640.png"
"Tiamat","chaos_tide","official mapped artwork","beast","attack","9401330","Beast of Billows","assets\reference\ce\art\9401330.png"
"Tiamat","chaos_tide_deluge","official mapped artwork","beast","cast","9408810","Beyond the Flood","assets\reference\ce\art\9408810.png"
"Tiamat","core_of_the_goddess","official mapped artwork","femme","idle","9308580","Exhibition Attire: Larva/Tiamat","assets\reference\ce\art\9308580.png"
"Tiamat","corrosive_tide","official mapped artwork","beast","idle","9406510","Inverted Rain of Mud","assets\reference\ce\art\9406510.png"
"Tiamat","devour_the_children","official mapped artwork","beast","attack","9406970","Great Mother","assets\reference\ce\art\9406970.png"
"Tiamat","drowning_grip","official mapped artwork","beast","attack","9301500","The Door into the Sea","assets\reference\ce\art\9301500.png"
"Tiamat","eleven_bel_lahmu","official mapped artwork","beast","cast","9407880","Arrival of the Large Beasts","assets\reference\ce\art\9407880.png"
"Tiamat","eye_of_the_blue_star","official mapped artwork","femme","cast","9307810","Celebration Portrait: Larva/Tiamat","assets\reference\ce\art\9307810.png"
"Tiamat","eye_of_the_red_star","official mapped artwork","femme","cast","9308580","Exhibition Attire: Larva/Tiamat","assets\reference\ce\art\9308580.png"
"Tiamat","feed_lahmu_beast","official mapped artwork","beast","cast","9307810","Celebration Portrait: Larva/Tiamat","assets\reference\ce\art\9307810.png"
"Tiamat","genesis_deluge","official mapped artwork","beast","attack","9408810","Beyond the Flood","assets\reference\ce\art\9408810.png"
"Tiamat","lahmu_tide","official mapped artwork","beast","cast","9307810","Celebration Portrait: Larva/Tiamat","assets\reference\ce\art\9307810.png"
"Tiamat","larval_maw","official mapped artwork","beast","attack","9406090","Titanic Fang Totem","assets\reference\ce\art\9406090.png"
"Tiamat","larval_surge","official mapped artwork","beast","cast","9308580","Exhibition Attire: Larva/Tiamat","assets\reference\ce\art\9308580.png"
"Tiamat","leviathan_coil","official mapped artwork","beast","attack","9305660","Sea Serpent","assets\reference\ce\art\9305660.png"
"Tiamat","mitosis","official mapped artwork","beast","attack","9404470","Rhythmed Birth","assets\reference\ce\art\9404470.png"
"Tiamat","mothers_vigil","official mapped artwork","femme","idle","9308830","Motherly Heart","assets\reference\ce\art\9308830.png"
"Tiamat","nammu_duranki","official mapped artwork","beast","attack","9307810","Celebration Portrait: Larva/Tiamat","assets\reference\ce\art\9307810.png"
"Tiamat","overtide","official mapped artwork","beast","cast","9407250","Beyond the Waves","assets\reference\ce\art\9407250.png"
"Tiamat","pluma_de_la_bestia","official mapped artwork","beast","attack","9407070","Talon Decorations of Chaos","assets\reference\ce\art\9407070.png"
"Tiamat","predatory_instinct","official mapped artwork","beast","idle","9407460","Natural Predator","assets\reference\ce\art\9407460.png"
"Tiamat","protective_silt","official mapped artwork","femme","idle","9407070","Talon Decorations of Chaos","assets\reference\ce\art\9407070.png"
"Tiamat","ravenous_tide","official mapped artwork","beast","cast","9401330","Beast of Billows","assets\reference\ce\art\9401330.png"
"Tiamat","riptide_snare","official mapped artwork","beast","attack","9400380","Seal Designation Enforcer","assets\reference\ce\art\9400380.png"
"Tiamat","rising_tide","official mapped artwork","beast","cast","9401330","Beast of Billows","assets\reference\ce\art\9401330.png"
"Tiamat","sea_of_the_azure_star","official mapped artwork","beast","cast","9308580","Exhibition Attire: Larva/Tiamat","assets\reference\ce\art\9308580.png"
"Tiamat","spawn_lahmu","official mapped artwork","beast","cast","9307810","Celebration Portrait: Larva/Tiamat","assets\reference\ce\art\9307810.png"
"Tiamat","spawn_lahmu_beast","official mapped artwork","beast","cast","9307810","Celebration Portrait: Larva/Tiamat","assets\reference\ce\art\9307810.png"
"Tiamat","spawning_pool","official mapped artwork","beast","cast","9406950","Homunculus Cradle","assets\reference\ce\art\9406950.png"
"Tiamat","stagnant_tide","official mapped artwork","beast","cast","9407180","Slimy Black Bog","assets\reference\ce\art\9407180.png"
"Tiamat","suckle","official mapped artwork","femme","cast","9406970","Great Mother","assets\reference\ce\art\9406970.png"
"Tiamat","tidal_seal","official mapped artwork","beast","cast","9301580","The Mountain Abyss","assets\reference\ce\art\9301580.png"
"Tiamat","tide_pool","official mapped artwork","beast","cast","9407180","Slimy Black Bog","assets\reference\ce\art\9407180.png"
"Tiamat","undertow","official mapped artwork","beast","attack","9405310","Sink Deeper","assets\reference\ce\art\9405310.png"
"Tiamat","venomous_nurse","official mapped artwork","beast","attack","9303560","Memory of Mother","assets\reference\ce\art\9303560.png"
"Tiamat","womb_of_the_beast","official mapped artwork","beast","idle","9406970","Great Mother","assets\reference\ce\art\9406970.png"
